time,flow
hr,m^3/s
0,2094.106301
24,2657.161066
48,3753.841998
72,5889.884784
96,5953.889892
120,9089.137132
144,11052.67958
168,10101.27645
192,9198.581748
216,8632.343318
240,7684.453343
264,6148.286472
288,5493.685531
312,3922.29272
336,2969.194801
360,2391.111692
384,2040.486563
