stage,surface_area
m,10^6 m^2
484,196.5187045
485,209.0836878
486,233.3634202
487,264.3960455
488,295.9693089
489,325.4973893
490,352.618013
491,379.6526891
492,406.7363461
493,434.2783902
494,461.6208141
